CURVE,count,mean,median,std,min,max,iqr,cv
DEPT,188720.0,1641.0669419849685,1625.0328001,865.0778873669874,98.72,3564.5560009,1460.4384235599998,0.5271435705850147
DEPTH_MD,188720.0,1641.0669419818087,1625.03277585,865.0778873127047,98.720001221,3564.5559082,1460.4383544675002,0.5271435705529519
GR,188720.0,65.42476590879278,62.88379097,34.71902763997262,2.0772974491,804.2989502,42.52470397900001,0.5306710258371219
RDEP,188720.0,2.5461049854490296,1.1807760596499999,40.84985602172061,0.1268168986,1995.2860107,0.9661997408,16.044057984716744
RMED,188720.0,2.3614814820266146,1.1026647687,28.307021118191724,0.1168621108,1796.2091064,0.8458653390750002,11.986975690319088
X_LOC,188720.0,441934.76016353595,438596.0,11143.037077399713,423237.53125,460460.125,18415.5,0.02521421277945252
Y_LOC,188720.0,6471240.404930585,6461865.5,30551.0171368015,6435546.5,6539931.5,25201.0,0.004721044996802156
Z_LOC,188720.0,-1612.232237924422,-1593.7041015,864.6347250290934,-3537.949707,-73.71946716,1460.5142821000002,-0.5362966356151139
