CURVE,count,mean,std,min,25%,50%,75%,max
DEPT,19930.0,1686.436,874.5228447711738,171.832,929.134,1686.436,2443.738,3201.04
DEPTH_MD,19930.0,1686.4360000045072,874.5228447806732,171.83200073,929.134002685,1686.43597415,2443.737915025,3201.0400391
GR,19930.0,59.45845566417831,28.82200478064769,6.0244188309,41.23118877425,63.0071258545,76.2911701205,804.2989502
RDEP,19930.0,1.513597768114355,1.3012376193230382,0.2644793689,0.7769971043,1.1762494444999998,1.668582499025,14.04620266
RMED,19930.0,1.5317901479990064,1.5057753318208733,0.3825266957,0.80459071695,1.1607197523,1.4997874796250001,20.911962509
X_LOC,19930.0,436809.90460204467,6.9645329472814135,436790.84375,436805.96875,436812.21875,436815.28125,436818.21875
Y_LOC,19930.0,6463000.935022579,10.856314714606894,6462990.5,6462991.5,6462995.0,6463011.5,6463021.0
Z_LOC,19930.0,-1661.2700836161064,874.3591115753114,-3175.460938,-2418.43103025,-1661.362488,-904.1164856,-146.8320007
