CURVE,count,mean,std,min,25%,50%,75%,max
DEPT,20899.0,1686.968,917.0412280081342,98.72,892.844,1686.968,2481.092,3275.216
DEPTH_MD,20899.0,1686.968000003917,917.0412280181262,98.720001221,892.84399414,1686.9680176,2481.0920410500003,3275.2160645
GR,20899.0,63.12994201444346,28.6997917868842,6.191505909,41.270851135,66.991027832,82.1012954715,499.02258301
RDEP,20899.0,1.917330756604651,2.743054356859325,0.35220173,0.82969012855,1.3836535215,2.0377198458,168.01425171
RMED,20899.0,1.7609393426801379,2.72462488925225,0.1168621108,0.7796053886500001,1.2269129753,1.95704203845,142.6063385
X_LOC,20899.0,437629.02358515956,14.238990352943432,437593.15625,437616.46875,437636.34375,437640.9375,437642.8125
Y_LOC,20899.0,6470978.395497392,3.6761991187886287,6470972.5,6470975.0,6470978.5,6470981.5,6470984.0
Z_LOC,20899.0,-1661.7526930121678,916.8450819556518,-3249.342773,-2455.6970215,-1661.866089,-867.8077392499999,-73.71946716
