CURVE,count,mean,std,min,25%,50%,75%,max
DEPT,19631.0,1620.0271258034622,861.6475503612828,127.99799841,873.93799841,1619.8779984,2365.8179984,3114.4939984
DEPTH_MD,19631.0,1620.0271255622908,861.647550213152,127.9980011,873.93798828,1619.8780518,2365.8179932,3114.4938965
GR,19631.0,58.53303773168661,23.288367962219745,5.9519319534,42.2251930235,60.414558411,74.236186981,119.46041107
RDEP,19631.0,1.8102418007976415,1.8033214841937997,0.2567999959,0.82870832085,1.3434947729,1.9301306605500002,27.965343475
RMED,19631.0,1.7232050800026282,1.8283534630070843,0.122215718,0.8122855126999999,1.2620651722,1.8814014196,61.652744293
X_LOC,19631.0,438594.67825282714,2.322784990915061,438591.15625,438591.9375,438594.9375,438597.09375,438597.46875
Y_LOC,19631.0,6478957.296979267,6.762010732220664,6478949.5,6478952.0,6478953.0,6478964.5,6478968.5
Z_LOC,19631.0,-1597.9406740300137,861.5759714016183,-3092.258545,-2343.6602785,-1597.830078,-851.91625975,-105.994339
