CURVE,count,mean,std,min,25%,50%,75%,max
DEPT,12965.0,1199.5899718073367,573.3397122284426,205.30773504,705.69173504,1202.275735,1694.907735,2190.275735
DEPTH_MD,12965.0,1199.589971886565,573.3397122559063,205.30773926,705.69171143,1202.2757568,1694.9077148,2190.2756348
GR,12965.0,55.842660663255614,17.55358199797968,2.0772974491,46.364387512,58.88885498,67.813156128,120.067276
RDEP,12965.0,1.2501011132001696,11.292335998826905,0.2812780738,0.7222861052,1.000141263,1.3762048483,1122.5495605
RMED,12965.0,1.112025380704998,2.2183804484205685,0.1325911433,0.7070000172,0.96338135,1.3667809963,239.54579163
X_LOC,12965.0,459500.13916313153,1.706191692597081,459497.0625,459498.6875,459500.09375,459501.75,459502.78125
Y_LOC,12965.0,6539526.710451215,153.74585984493544,6539422.5,6539423.5,6539426.0,6539610.0,6539931.5
Z_LOC,12965.0,-1137.5376839030391,533.8673296593724,-1990.231689,-1613.154297,-1171.247803,-674.6740112,-174.3077087
