CURVE,count,mean,std,min,25%,50%,75%,max
DEPT,17316.0,1525.3935992999998,759.8241308513439,209.4535993,867.4235993,1525.3935993,2183.3635993,2841.3335993
DEPTH_MD,17316.0,1525.393599480292,759.8241309941517,209.45359802,867.423599245,1525.39361575,2183.363647475,2841.3334961
GR,17316.0,109.2276377240623,30.42154466834108,35.097110748,93.19063949625,118.45907973999999,129.0702896075,323.01446533
RDEP,17316.0,1.3703611515289444,0.6300228332161953,0.2098951787,0.953069508075,1.2503502369000001,1.709636718,5.5029764175
RMED,17316.0,1.0384314144318378,0.49947395922765025,0.3162589967,0.72435106335,0.8984867036499999,1.2064007819,4.0020260811
X_LOC,17316.0,460429.1754681364,11.970519959434482,460416.625,460419.71875,460423.9375,460438.3203125,460460.125
Y_LOC,17316.0,6453748.578886579,3.336375710829655,6453743.0,6453745.0,6453750.5,6453751.5,6453752.5
Z_LOC,17316.0,-1485.2362300120815,759.6648448763639,-2800.628418,-2143.064087,-1485.340149,-827.394180275,-169.4535522
