CURVE,count,mean,std,min,25%,50%,75%,max
DEPT,22775.0,1830.6776184501134,999.8285768767175,98.804000854,964.97600085,1830.3880009,2695.8000008999998,3564.5560009
DEPTH_MD,22775.0,1830.6776180837246,999.8285764653539,98.804000854,964.97601318,1830.3880615,2695.80004885,3564.5559082
GR,22775.0,53.52890931253758,27.08695095225929,6.342400074,32.628471374499995,54.758541107,70.603645325,446.89071655
RDEP,22775.0,1.750324901679337,6.314723975699988,0.246183157,0.726970315,1.1073999405,1.7667421699,793.20849609
RMED,22775.0,2.151873187748404,21.379908188005583,0.1200986952,0.72962215545,1.0816966295,1.6524105668,1718.5344238
X_LOC,22775.0,423246.89245197584,9.783104488039598,423237.53125,423241.125,423244.78125,423245.90625,423282.5625
Y_LOC,22775.0,6461858.703051591,8.67775596441594,6461833.0,6461857.0,6461862.5,6461864.0,6461867.0
Z_LOC,22775.0,-1805.443055192256,999.5457053650734,-3537.949707,-2670.5690919999997,-1805.313599,-939.9581909,-73.80400085
