CURVE,count,mean,std,min,25%,50%,75%,max
DEPT,17055.0,1620.188001507822,748.3718108968351,324.08400153,972.1360015299999,1620.1880015,2268.2400015,2916.2920015
DEPTH_MD,17055.0,1620.188001820206,748.3718110669994,324.08401489,972.13598633,1620.1879883,2268.23999025,2916.2919922
GR,17055.0,58.12298980071937,32.795109297085745,8.9961633682,42.4517765045,54.547119141,65.3001289365,645.0045166
RDEP,17055.0,1.4422151521530227,3.116015246571326,0.2507680357,0.6751124859,1.1452835798,1.57211995125,126.00251007
RMED,17055.0,3.3829806897643917,47.30629686195717,0.1983015537,0.6820528209500001,1.0586651564,1.3318602443,1642.4918213
X_LOC,17055.0,455221.34375,0.0,455221.34375,455221.34375,455221.34375,455221.34375,455221.34375
Y_LOC,17055.0,6533321.5,0.0,6533321.5,6533321.5,6533321.5,6533321.5,6533321.5
Z_LOC,17055.0,-1595.187939040164,748.3718321919187,-2891.291992,-2243.2399905,-1595.187866,-947.1359253,-299.0839844
