CURVE,count,mean,std,min,25%,50%,75%,max
DEPT,18936.0,1665.6751510832898,866.3956376095255,162.74520221,899.14720221,1698.6292022,2418.1592022,3137.6892022
DEPTH_MD,18936.0,1665.6751513988072,866.3956380087697,162.74520874,899.1471862774999,1698.6292114500002,2418.1591187,3137.689209
GR,18936.0,45.64238938919387,27.41605737921867,3.9196391106,27.665915489,47.5491809845,59.926589012,268.73522949
RDEP,18936.0,1.4190387934309519,1.1217928541999265,0.1655273139,0.719471633425,1.10404348375,1.7494520545249999,9.8276863098
RMED,18936.0,1.4506025683939638,1.185473238584719,0.2475348264,0.732628375325,1.16897553205,1.5861452519750001,15.415453911
X_LOC,18936.0,443306.42912474915,22.93676726422936,443269.0,443280.8046875,443312.890625,443329.28125,443330.21875
Y_LOC,18936.0,6444952.113698775,21.953617003279586,6444929.0,6444932.5,6444942.5,6444976.0,6444990.5
Z_LOC,18936.0,-1639.7567526636406,865.5068313961946,-3110.335449,-2391.080444,-1673.1304934999998,-874.1288147,-137.741272
