CURVE,count,mean,std,min,25%,50%,75%,max
DEPT,19259.0,1681.7713775359136,850.2179391675319,196.82378984,949.29978984,1685.6637898,2417.4677898,3149.5757898
DEPTH_MD,19259.0,1681.7713773742194,850.2179388290921,196.8237915,949.29980469,1685.6638184,2417.46777345,3149.5756836
GR,19259.0,73.55918325767722,37.5421700312872,5.7826800346,40.580619812,80.010307312,101.64263916,300.94192505
RDEP,19259.0,10.54060056199793,123.99457293732435,0.1268168986,0.7383326887999999,1.1825516224,1.7881004214,1995.2860107
RMED,19259.0,7.475709279866774,70.38421691975847,0.1814138591,0.7981120646,1.138833046,1.98142689465,1796.2091064
X_LOC,19259.0,444158.51462141075,10.020423521221685,444150.75,444151.84375,444152.375,444162.28125,444187.90625
Y_LOC,19259.0,6435558.153538605,12.618640397793984,6435546.5,6435550.0,6435553.5,6435560.0,6435599.5
Z_LOC,19259.0,-1656.511684258222,849.9218095381776,-3122.757324,-2392.2702635,-1660.594727,-924.2515869,-171.8066864
