CURVE,count,mean,std,min,25%,50%,75%,max
DEPT,188720.0,1641.0669419849685,865.0778873669874,98.72,898.90477614,1625.0328001,2359.3431997,3564.5560009
DEPTH_MD,188720.0,1641.0669419818087,865.0778873127047,98.720001221,898.9047851575,1625.03277585,2359.3431396250003,3564.5559082
GR,188720.0,65.42476590879278,34.71902763997262,2.0772974491,41.60087585475,62.88379097,84.12557983375001,804.2989502
RDEP,188720.0,2.5461049854490296,40.84985602172061,0.1268168986,0.757711753225,1.1807760596499999,1.723911494025,1995.2860107
RMED,188720.0,2.3614814820266146,28.307021118191724,0.1168621108,0.7488616108999999,1.1026647687,1.594726949975,1796.2091064
X_LOC,188720.0,441934.76016353595,11143.037077399713,423237.53125,436805.84375,438596.0,455221.34375,460460.125
Y_LOC,188720.0,6471240.404930585,30551.0171368015,6435546.5,6453750.5,6461865.5,6478951.5,6539931.5
Z_LOC,188720.0,-1612.232237924422,864.6347250290934,-3537.949707,-2332.597412,-1593.7041015,-872.0831298999999,-73.71946716
