CURVE,count,mean,std,min,25%,50%,75%,max
DEPT,19954.0,1694.3940451037383,877.1323600122759,176.272,934.79,1694.524,2452.738,3218.552
DEPTH_MD,19954.0,1694.3940451024132,877.132359999249,176.27200317,934.7900085450001,1694.5239868,2452.737915025,3218.552002
GR,19954.0,79.52215657226823,41.08188314092555,5.1102910042,50.37478160875,86.9995613095,102.132852555,411.18112183
RDEP,19954.0,2.0275668315888495,26.90038552338261,0.1809573323,0.707408174875,1.1034169793,1.59985032675,1660.5986328
RMED,19954.0,1.7015268711101934,17.702604162544024,0.167986691,0.7170980274500001,1.0962513088999999,1.576218187825,1625.1499023
X_LOC,19954.0,433912.3570086198,9.076388313921793,433900.5,433904.5,433909.15625,433919.46875,433933.4375
Y_LOC,19954.0,6459996.008694999,6.991151273702906,6459976.5,6459992.5,6460000.0,6460001.0,6460002.0
Z_LOC,19954.0,-1669.2691872752282,877.0205263972505,-3193.053711,-2427.548706,-1669.468689,-909.7593689,-151.2679138
